OK	https://docs.openclaw.ai/automation/auth-monitoring	/Users/henry/.openclaw/workspace/docs/openclaw-en-html/automation/auth-monitoring.html	602844
OK	https://docs.openclaw.ai/channels	/Users/henry/.openclaw/workspace/docs/openclaw-en-html/channels.html	590249
OK	https://docs.openclaw.ai/automation/poll	/Users/henry/.openclaw/workspace/docs/openclaw-en-html/automation/poll.html	671124
OK	https://docs.openclaw.ai/channels/imessage	/Users/henry/.openclaw/workspace/docs/openclaw-en-html/channels/imessage.html	848023
OK	https://docs.openclaw.ai/channels/channel-routing	/Users/henry/.openclaw/workspace/docs/openclaw-en-html/channels/channel-routing.html	674826
OK	https://docs.openclaw.ai/brave-search	/Users/henry/.openclaw/workspace/docs/openclaw-en-html/brave-search.html	658003
OK	https://docs.openclaw.ai/automation/webhook	/Users/henry/.openclaw/workspace/docs/openclaw-en-html/automation/webhook.html	793467
OK	https://docs.openclaw.ai/channels/broadcast-groups	/Users/henry/.openclaw/workspace/docs/openclaw-en-html/channels/broadcast-groups.html	1037136
OK	https://docs.openclaw.ai/automation/cron-vs-heartbeat	/Users/henry/.openclaw/workspace/docs/openclaw-en-html/automation/cron-vs-heartbeat.html	833154
OK	https://docs.openclaw.ai/channels/feishu	/Users/henry/.openclaw/workspace/docs/openclaw-en-html/channels/feishu.html	1192370
OK	https://docs.openclaw.ai/channels/groups	/Users/henry/.openclaw/workspace/docs/openclaw-en-html/channels/groups.html	1007934
OK	https://docs.openclaw.ai/channels/bluebubbles	/Users/henry/.openclaw/workspace/docs/openclaw-en-html/channels/bluebubbles.html	898711
OK	https://docs.openclaw.ai/auth-credential-semantics	/Users/henry/.openclaw/workspace/docs/openclaw-en-html/auth-credential-semantics.html	593579
OK	https://docs.openclaw.ai/automation/hooks	/Users/henry/.openclaw/workspace/docs/openclaw-en-html/automation/hooks.html	1760410
OK	https://docs.openclaw.ai/automation/cron-jobs	/Users/henry/.openclaw/workspace/docs/openclaw-en-html/automation/cron-jobs.html	1209834
OK	https://docs.openclaw.ai/channels/group-messages	/Users/henry/.openclaw/workspace/docs/openclaw-en-html/channels/group-messages.html	645384
OK	https://docs.openclaw.ai/channels/irc	/Users/henry/.openclaw/workspace/docs/openclaw-en-html/channels/irc.html	822912
OK	https://docs.openclaw.ai/channels/location	/Users/henry/.openclaw/workspace/docs/openclaw-en-html/channels/location.html	592633
OK	https://docs.openclaw.ai/channels/discord	/Users/henry/.openclaw/workspace/docs/openclaw-en-html/channels/discord.html	1613523
OK	https://docs.openclaw.ai/channels/line	/Users/henry/.openclaw/workspace/docs/openclaw-en-html/channels/line.html	745483
OK	https://docs.openclaw.ai/channels/nextcloud-talk	/Users/henry/.openclaw/workspace/docs/openclaw-en-html/channels/nextcloud-talk.html	672850
OK	https://docs.openclaw.ai/channels/nostr	/Users/henry/.openclaw/workspace/docs/openclaw-en-html/channels/nostr.html	771785
OK	https://docs.openclaw.ai/channels/googlechat	/Users/henry/.openclaw/workspace/docs/openclaw-en-html/channels/googlechat.html	794222
OK	https://docs.openclaw.ai/channels/matrix	/Users/henry/.openclaw/workspace/docs/openclaw-en-html/channels/matrix.html	826795
OK	https://docs.openclaw.ai/channels/mattermost	/Users/henry/.openclaw/workspace/docs/openclaw-en-html/channels/mattermost.html	884335
OK	https://docs.openclaw.ai/channels/telegram	/Users/henry/.openclaw/workspace/docs/openclaw-en-html/channels/telegram.html	1317857
OK	https://docs.openclaw.ai/channels/tlon	/Users/henry/.openclaw/workspace/docs/openclaw-en-html/channels/tlon.html	806432
OK	https://docs.openclaw.ai/channels/whatsapp	/Users/henry/.openclaw/workspace/docs/openclaw-en-html/channels/whatsapp.html	871150
OK	https://docs.openclaw.ai/channels/troubleshooting	/Users/henry/.openclaw/workspace/docs/openclaw-en-html/channels/troubleshooting.html	650616
OK	https://docs.openclaw.ai/channels/zalouser	/Users/henry/.openclaw/workspace/docs/openclaw-en-html/channels/zalouser.html	724728
OK	https://docs.openclaw.ai/channels/zalo	/Users/henry/.openclaw/workspace/docs/openclaw-en-html/channels/zalo.html	691457
OK	https://docs.openclaw.ai/channels/msteams	/Users/henry/.openclaw/workspace/docs/openclaw-en-html/channels/msteams.html	1265540
OK	https://docs.openclaw.ai/automation/gmail-pubsub	/Users/henry/.openclaw/workspace/docs/openclaw-en-html/automation/gmail-pubsub.html	853787
OK	https://docs.openclaw.ai/channels/twitch	/Users/henry/.openclaw/workspace/docs/openclaw-en-html/channels/twitch.html	965578
OK	https://docs.openclaw.ai/ci	/Users/henry/.openclaw/workspace/docs/openclaw-en-html/ci.html	603997
OK	https://docs.openclaw.ai/channels/signal	/Users/henry/.openclaw/workspace/docs/openclaw-en-html/channels/signal.html	842341
OK	https://docs.openclaw.ai/automation/troubleshooting	/Users/henry/.openclaw/workspace/docs/openclaw-en-html/automation/troubleshooting.html	690710
OK	https://docs.openclaw.ai/channels/pairing	/Users/henry/.openclaw/workspace/docs/openclaw-en-html/channels/pairing.html	634405
OK	https://docs.openclaw.ai/channels/slack	/Users/henry/.openclaw/workspace/docs/openclaw-en-html/channels/slack.html	957342
OK	https://docs.openclaw.ai/cli/agents	/Users/henry/.openclaw/workspace/docs/openclaw-en-html/cli/agents.html	733100
OK	https://docs.openclaw.ai/cli/acp	/Users/henry/.openclaw/workspace/docs/openclaw-en-html/cli/acp.html	773828
OK	https://docs.openclaw.ai/cli/browser	/Users/henry/.openclaw/workspace/docs/openclaw-en-html/cli/browser.html	707643
OK	https://docs.openclaw.ai/cli/agent	/Users/henry/.openclaw/workspace/docs/openclaw-en-html/cli/agent.html	623034
OK	https://docs.openclaw.ai/cli/approvals	/Users/henry/.openclaw/workspace/docs/openclaw-en-html/cli/approvals.html	662302
OK	https://docs.openclaw.ai/cli/configure	/Users/henry/.openclaw/workspace/docs/openclaw-en-html/cli/configure.html	617485
OK	https://docs.openclaw.ai/cli/cron	/Users/henry/.openclaw/workspace/docs/openclaw-en-html/cli/cron.html	660547
OK	https://docs.openclaw.ai/cli/directory	/Users/henry/.openclaw/workspace/docs/openclaw-en-html/cli/directory.html	673575
OK	https://docs.openclaw.ai/cli/devices	/Users/henry/.openclaw/workspace/docs/openclaw-en-html/cli/devices.html	666854
OK	https://docs.openclaw.ai/cli/clawbot	/Users/henry/.openclaw/workspace/docs/openclaw-en-html/cli/clawbot.html	603381
OK	https://docs.openclaw.ai/cli/daemon	/Users/henry/.openclaw/workspace/docs/openclaw-en-html/cli/daemon.html	632246
OK	https://docs.openclaw.ai/cli/dns	/Users/henry/.openclaw/workspace/docs/openclaw-en-html/cli/dns.html	610727
OK	https://docs.openclaw.ai/cli/docs	/Users/henry/.openclaw/workspace/docs/openclaw-en-html/cli/docs.html	607467
OK	https://docs.openclaw.ai/channels/synology-chat	/Users/henry/.openclaw/workspace/docs/openclaw-en-html/channels/synology-chat.html	685839
OK	https://docs.openclaw.ai/cli/doctor	/Users/henry/.openclaw/workspace/docs/openclaw-en-html/cli/doctor.html	630318
OK	https://docs.openclaw.ai/cli/dashboard	/Users/henry/.openclaw/workspace/docs/openclaw-en-html/cli/dashboard.html	609436
OK	https://docs.openclaw.ai/cli/gateway	/Users/henry/.openclaw/workspace/docs/openclaw-en-html/cli/gateway.html	747995
OK	https://docs.openclaw.ai/cli/config	/Users/henry/.openclaw/workspace/docs/openclaw-en-html/cli/config.html	671954
OK	https://docs.openclaw.ai/cli/health	/Users/henry/.openclaw/workspace/docs/openclaw-en-html/cli/health.html	609175
OK	https://docs.openclaw.ai/cli/channels	/Users/henry/.openclaw/workspace/docs/openclaw-en-html/cli/channels.html	695202
OK	https://docs.openclaw.ai/cli/hooks	/Users/henry/.openclaw/workspace/docs/openclaw-en-html/cli/hooks.html	834501
OK	https://docs.openclaw.ai/cli/completion	/Users/henry/.openclaw/workspace/docs/openclaw-en-html/cli/completion.html	626323
OK	https://docs.openclaw.ai/cli	/Users/henry/.openclaw/workspace/docs/openclaw-en-html/cli.html	1126766
OK	https://docs.openclaw.ai/cli/logs	/Users/henry/.openclaw/workspace/docs/openclaw-en-html/cli/logs.html	616978
OK	https://docs.openclaw.ai/cli/memory	/Users/henry/.openclaw/workspace/docs/openclaw-en-html/cli/memory.html	640010
OK	https://docs.openclaw.ai/cli/message	/Users/henry/.openclaw/workspace/docs/openclaw-en-html/cli/message.html	754710
OK	https://docs.openclaw.ai/cli/models	/Users/henry/.openclaw/workspace/docs/openclaw-en-html/cli/models.html	658199
OK	https://docs.openclaw.ai/cli/onboard	/Users/henry/.openclaw/workspace/docs/openclaw-en-html/cli/onboard.html	716440
OK	https://docs.openclaw.ai/cli/nodes	/Users/henry/.openclaw/workspace/docs/openclaw-en-html/cli/nodes.html	674454
OK	https://docs.openclaw.ai/cli/node	/Users/henry/.openclaw/workspace/docs/openclaw-en-html/cli/node.html	679324
OK	https://docs.openclaw.ai/cli/plugins	/Users/henry/.openclaw/workspace/docs/openclaw-en-html/cli/plugins.html	696727
OK	https://docs.openclaw.ai/cli/qr	/Users/henry/.openclaw/workspace/docs/openclaw-en-html/cli/qr.html	630633
OK	https://docs.openclaw.ai/cli/reset	/Users/henry/.openclaw/workspace/docs/openclaw-en-html/cli/reset.html	609492
OK	https://docs.openclaw.ai/cli/pairing	/Users/henry/.openclaw/workspace/docs/openclaw-en-html/cli/pairing.html	629345
OK	https://docs.openclaw.ai/cli/security	/Users/henry/.openclaw/workspace/docs/openclaw-en-html/cli/security.html	658166
OK	https://docs.openclaw.ai/cli/secrets	/Users/henry/.openclaw/workspace/docs/openclaw-en-html/cli/secrets.html	724032
OK	https://docs.openclaw.ai/cli/skills	/Users/henry/.openclaw/workspace/docs/openclaw-en-html/cli/skills.html	616380
OK	https://docs.openclaw.ai/cli/status	/Users/henry/.openclaw/workspace/docs/openclaw-en-html/cli/status.html	615049
OK	https://docs.openclaw.ai/cli/sessions	/Users/henry/.openclaw/workspace/docs/openclaw-en-html/cli/sessions.html	733586
OK	https://docs.openclaw.ai/cli/setup	/Users/henry/.openclaw/workspace/docs/openclaw-en-html/cli/setup.html	616166
OK	https://docs.openclaw.ai/cli/sandbox	/Users/henry/.openclaw/workspace/docs/openclaw-en-html/cli/sandbox.html	755832
OK	https://docs.openclaw.ai/cli/system	/Users/henry/.openclaw/workspace/docs/openclaw-en-html/cli/system.html	631035
OK	https://docs.openclaw.ai/cli/tui	/Users/henry/.openclaw/workspace/docs/openclaw-en-html/cli/tui.html	615740
OK	https://docs.openclaw.ai/cli/update	/Users/henry/.openclaw/workspace/docs/openclaw-en-html/cli/update.html	664741
OK	https://docs.openclaw.ai/cli/uninstall	/Users/henry/.openclaw/workspace/docs/openclaw-en-html/cli/uninstall.html	608675
OK	https://docs.openclaw.ai/concepts/architecture	/Users/henry/.openclaw/workspace/docs/openclaw-en-html/concepts/architecture.html	629515
OK	https://docs.openclaw.ai/cli/webhooks	/Users/henry/.openclaw/workspace/docs/openclaw-en-html/cli/webhooks.html	612565
OK	https://docs.openclaw.ai/concepts/agent	/Users/henry/.openclaw/workspace/docs/openclaw-en-html/concepts/agent.html	620026
OK	https://docs.openclaw.ai/concepts/features	/Users/henry/.openclaw/workspace/docs/openclaw-en-html/concepts/features.html	577742
OK	https://docs.openclaw.ai/concepts/context	/Users/henry/.openclaw/workspace/docs/openclaw-en-html/concepts/context.html	649956
OK	https://docs.openclaw.ai/concepts/agent-loop	/Users/henry/.openclaw/workspace/docs/openclaw-en-html/concepts/agent-loop.html	642959
OK	https://docs.openclaw.ai/concepts/memory	/Users/henry/.openclaw/workspace/docs/openclaw-en-html/concepts/memory.html	1143631
OK	https://docs.openclaw.ai/concepts/model-failover	/Users/henry/.openclaw/workspace/docs/openclaw-en-html/concepts/model-failover.html	652862
OK	https://docs.openclaw.ai/concepts/model-providers	/Users/henry/.openclaw/workspace/docs/openclaw-en-html/concepts/model-providers.html	1000528
OK	https://docs.openclaw.ai/concepts/models	/Users/henry/.openclaw/workspace/docs/openclaw-en-html/concepts/models.html	737168
OK	https://docs.openclaw.ai/concepts/oauth	/Users/henry/.openclaw/workspace/docs/openclaw-en-html/concepts/oauth.html	653176
OK	https://docs.openclaw.ai/concepts/multi-agent	/Users/henry/.openclaw/workspace/docs/openclaw-en-html/concepts/multi-agent.html	1286317
OK	https://docs.openclaw.ai/concepts/messages	/Users/henry/.openclaw/workspace/docs/openclaw-en-html/concepts/messages.html	643537
OK	https://docs.openclaw.ai/concepts/agent-workspace	/Users/henry/.openclaw/workspace/docs/openclaw-en-html/concepts/agent-workspace.html	714939
OK	https://docs.openclaw.ai/concepts/presence	/Users/henry/.openclaw/workspace/docs/openclaw-en-html/concepts/presence.html	612324
OK	https://docs.openclaw.ai/concepts/session	/Users/henry/.openclaw/workspace/docs/openclaw-en-html/concepts/session.html	868892
OK	https://docs.openclaw.ai/concepts/session-pruning	/Users/henry/.openclaw/workspace/docs/openclaw-en-html/concepts/session-pruning.html	665652
OK	https://docs.openclaw.ai/concepts/queue	/Users/henry/.openclaw/workspace/docs/openclaw-en-html/concepts/queue.html	624484
OK	https://docs.openclaw.ai/concepts/session-tool	/Users/henry/.openclaw/workspace/docs/openclaw-en-html/concepts/session-tool.html	699637
OK	https://docs.openclaw.ai/concepts/timezone	/Users/henry/.openclaw/workspace/docs/openclaw-en-html/concepts/timezone.html	668488
OK	https://docs.openclaw.ai/cli/voicecall	/Users/henry/.openclaw/workspace/docs/openclaw-en-html/cli/voicecall.html	638921
OK	https://docs.openclaw.ai/date-time	/Users/henry/.openclaw/workspace/docs/openclaw-en-html/date-time.html	695946
OK	https://docs.openclaw.ai/concepts/system-prompt	/Users/henry/.openclaw/workspace/docs/openclaw-en-html/concepts/system-prompt.html	619649
OK	https://docs.openclaw.ai/concepts/compaction	/Users/henry/.openclaw/workspace/docs/openclaw-en-html/concepts/compaction.html	600725
OK	https://docs.openclaw.ai/concepts/typing-indicators	/Users/henry/.openclaw/workspace/docs/openclaw-en-html/concepts/typing-indicators.html	643371
OK	https://docs.openclaw.ai/concepts/retry	/Users/henry/.openclaw/workspace/docs/openclaw-en-html/concepts/retry.html	620178
OK	https://docs.openclaw.ai/concepts/markdown-formatting	/Users/henry/.openclaw/workspace/docs/openclaw-en-html/concepts/markdown-formatting.html	691469
OK	https://docs.openclaw.ai/experiments/onboarding-config-protocol	/Users/henry/.openclaw/workspace/docs/openclaw-en-html/experiments/onboarding-config-protocol.html	617342
OK	https://docs.openclaw.ai/diagnostics/flags	/Users/henry/.openclaw/workspace/docs/openclaw-en-html/diagnostics/flags.html	644226
OK	https://docs.openclaw.ai/debug/node-issue	/Users/henry/.openclaw/workspace/docs/openclaw-en-html/debug/node-issue.html	628984
OK	https://docs.openclaw.ai/concepts/typebox	/Users/henry/.openclaw/workspace/docs/openclaw-en-html/concepts/typebox.html	967813
OK	https://docs.openclaw.ai/experiments/plans/openresponses-gateway	/Users/henry/.openclaw/workspace/docs/openclaw-en-html/experiments/plans/openresponses-gateway.html	661451
OK	https://docs.openclaw.ai/experiments/plans/acp-thread-bound-agents	/Users/henry/.openclaw/workspace/docs/openclaw-en-html/experiments/plans/acp-thread-bound-agents.html	1122150
OK	https://docs.openclaw.ai/experiments/plans/browser-evaluate-cdp-refactor	/Users/henry/.openclaw/workspace/docs/openclaw-en-html/experiments/plans/browser-evaluate-cdp-refactor.html	702765
OK	https://docs.openclaw.ai/experiments/plans/acp-unified-streaming-refactor	/Users/henry/.openclaw/workspace/docs/openclaw-en-html/experiments/plans/acp-unified-streaming-refactor.html	642709
OK	https://docs.openclaw.ai/concepts/streaming	/Users/henry/.openclaw/workspace/docs/openclaw-en-html/concepts/streaming.html	641297
OK	https://docs.openclaw.ai/concepts/usage-tracking	/Users/henry/.openclaw/workspace/docs/openclaw-en-html/concepts/usage-tracking.html	613519
OK	https://docs.openclaw.ai/experiments/plans/session-binding-channel-agnostic	/Users/henry/.openclaw/workspace/docs/openclaw-en-html/experiments/plans/session-binding-channel-agnostic.html	784902
OK	https://docs.openclaw.ai/gateway/authentication	/Users/henry/.openclaw/workspace/docs/openclaw-en-html/gateway/authentication.html	715873
OK	https://docs.openclaw.ai/experiments/research/memory	/Users/henry/.openclaw/workspace/docs/openclaw-en-html/experiments/research/memory.html	707237
OK	https://docs.openclaw.ai/gateway/bridge-protocol	/Users/henry/.openclaw/workspace/docs/openclaw-en-html/gateway/bridge-protocol.html	603872
OK	https://docs.openclaw.ai/gateway/cli-backends	/Users/henry/.openclaw/workspace/docs/openclaw-en-html/gateway/cli-backends.html	769015
OK	https://docs.openclaw.ai/gateway/configuration	/Users/henry/.openclaw/workspace/docs/openclaw-en-html/gateway/configuration.html	1202930
OK	https://docs.openclaw.ai/gateway/background-process	/Users/henry/.openclaw/workspace/docs/openclaw-en-html/gateway/background-process.html	648369
OK	https://docs.openclaw.ai/experiments/plans/pty-process-supervision	/Users/henry/.openclaw/workspace/docs/openclaw-en-html/experiments/plans/pty-process-supervision.html	687967
OK	https://docs.openclaw.ai/experiments/proposals/model-config	/Users/henry/.openclaw/workspace/docs/openclaw-en-html/experiments/proposals/model-config.html	610933
OK	https://docs.openclaw.ai/gateway/discovery	/Users/henry/.openclaw/workspace/docs/openclaw-en-html/gateway/discovery.html	622181
OK	https://docs.openclaw.ai/gateway/doctor	/Users/henry/.openclaw/workspace/docs/openclaw-en-html/gateway/doctor.html	738149
OK	https://docs.openclaw.ai/gateway/bonjour	/Users/henry/.openclaw/workspace/docs/openclaw-en-html/gateway/bonjour.html	680609
OK	https://docs.openclaw.ai/gateway/health	/Users/henry/.openclaw/workspace/docs/openclaw-en-html/gateway/health.html	592345
OK	https://docs.openclaw.ai/gateway	/Users/henry/.openclaw/workspace/docs/openclaw-en-html/gateway.html	787281
OK	https://docs.openclaw.ai/gateway/heartbeat	/Users/henry/.openclaw/workspace/docs/openclaw-en-html/gateway/heartbeat.html	932915
OK	https://docs.openclaw.ai/design/kilo-gateway-integration	/Users/henry/.openclaw/workspace/docs/openclaw-en-html/design/kilo-gateway-integration.html	1366113
OK	https://docs.openclaw.ai/gateway/local-models	/Users/henry/.openclaw/workspace/docs/openclaw-en-html/gateway/local-models.html	795381
OK	https://docs.openclaw.ai/gateway/configuration-reference	/Users/henry/.openclaw/workspace/docs/openclaw-en-html/gateway/configuration-reference.html	4656509
OK	https://docs.openclaw.ai/gateway/configuration-examples	/Users/henry/.openclaw/workspace/docs/openclaw-en-html/gateway/configuration-examples.html	1770079
OK	https://docs.openclaw.ai/gateway/openai-http-api	/Users/henry/.openclaw/workspace/docs/openclaw-en-html/gateway/openai-http-api.html	668800
OK	https://docs.openclaw.ai/gateway/network-model	/Users/henry/.openclaw/workspace/docs/openclaw-en-html/gateway/network-model.html	573779
OK	https://docs.openclaw.ai/gateway/remote-gateway-readme	/Users/henry/.openclaw/workspace/docs/openclaw-en-html/gateway/remote-gateway-readme.html	712666
OK	https://docs.openclaw.ai/gateway/pairing	/Users/henry/.openclaw/workspace/docs/openclaw-en-html/gateway/pairing.html	621550
OK	https://docs.openclaw.ai/gateway/logging	/Users/henry/.openclaw/workspace/docs/openclaw-en-html/gateway/logging.html	633765
OK	https://docs.openclaw.ai/gateway/sandboxing	/Users/henry/.openclaw/workspace/docs/openclaw-en-html/gateway/sandboxing.html	725588
OK	https://docs.openclaw.ai/gateway/sandbox-vs-tool-policy-vs-elevated	/Users/henry/.openclaw/workspace/docs/openclaw-en-html/gateway/sandbox-vs-tool-policy-vs-elevated.html	658159
OK	https://docs.openclaw.ai/gateway/protocol	/Users/henry/.openclaw/workspace/docs/openclaw-en-html/gateway/protocol.html	839905
OK	https://docs.openclaw.ai/gateway/secrets	/Users/henry/.openclaw/workspace/docs/openclaw-en-html/gateway/secrets.html	1040681
OK	https://docs.openclaw.ai/gateway/tailscale	/Users/henry/.openclaw/workspace/docs/openclaw-en-html/gateway/tailscale.html	670977
OK	https://docs.openclaw.ai/gateway/security	/Users/henry/.openclaw/workspace/docs/openclaw-en-html/gateway/security.html	1543212
OK	https://docs.openclaw.ai/gateway/openresponses-http-api	/Users/henry/.openclaw/workspace/docs/openclaw-en-html/gateway/openresponses-http-api.html	864023
OK	https://docs.openclaw.ai/gateway/troubleshooting	/Users/henry/.openclaw/workspace/docs/openclaw-en-html/gateway/troubleshooting.html	850138
OK	https://docs.openclaw.ai/gateway/multiple-gateways	/Users/henry/.openclaw/workspace/docs/openclaw-en-html/gateway/multiple-gateways.html	671734
OK	https://docs.openclaw.ai/gateway/trusted-proxy-auth	/Users/henry/.openclaw/workspace/docs/openclaw-en-html/gateway/trusted-proxy-auth.html	873508
OK	https://docs.openclaw.ai/gateway/secrets-plan-contract	/Users/henry/.openclaw/workspace/docs/openclaw-en-html/gateway/secrets-plan-contract.html	677490
OK	https://docs.openclaw.ai/help/environment	/Users/henry/.openclaw/workspace/docs/openclaw-en-html/help/environment.html	673741
OK	https://docs.openclaw.ai/help/debugging	/Users/henry/.openclaw/workspace/docs/openclaw-en-html/help/debugging.html	678023
OK	https://docs.openclaw.ai/help/faq	/Users/henry/.openclaw/workspace/docs/openclaw-en-html/help/faq.html	2775815
OK	https://docs.openclaw.ai/help/scripts	/Users/henry/.openclaw/workspace/docs/openclaw-en-html/help/scripts.html	572843
OK	https://docs.openclaw.ai/gateway/remote	/Users/henry/.openclaw/workspace/docs/openclaw-en-html/gateway/remote.html	652648
OK	https://docs.openclaw.ai/gateway/gateway-lock	/Users/henry/.openclaw/workspace/docs/openclaw-en-html/gateway/gateway-lock.html	587504
OK	https://docs.openclaw.ai/gateway/tools-invoke-http-api	/Users/henry/.openclaw/workspace/docs/openclaw-en-html/gateway/tools-invoke-http-api.html	647090
OK	https://docs.openclaw.ai/help	/Users/henry/.openclaw/workspace/docs/openclaw-en-html/help.html	567939
OK	https://docs.openclaw.ai/install/development-channels	/Users/henry/.openclaw/workspace/docs/openclaw-en-html/install/development-channels.html	609689
OK	https://docs.openclaw.ai/install/bun	/Users/henry/.openclaw/workspace/docs/openclaw-en-html/install/bun.html	607812
OK	https://docs.openclaw.ai/install/docker	/Users/henry/.openclaw/workspace/docs/openclaw-en-html/install/docker.html	1290674
OK	https://docs.openclaw.ai/install/hetzner	/Users/henry/.openclaw/workspace/docs/openclaw-en-html/install/hetzner.html	828860
OK	https://docs.openclaw.ai/install/macos-vm	/Users/henry/.openclaw/workspace/docs/openclaw-en-html/install/macos-vm.html	763887
OK	https://docs.openclaw.ai/install/installer	/Users/henry/.openclaw/workspace/docs/openclaw-en-html/install/installer.html	1015025
OK	https://docs.openclaw.ai/install/gcp	/Users/henry/.openclaw/workspace/docs/openclaw-en-html/install/gcp.html	996286
OK	https://docs.openclaw.ai/install/fly	/Users/henry/.openclaw/workspace/docs/openclaw-en-html/install/fly.html	1017954
OK	https://docs.openclaw.ai/install/podman	/Users/henry/.openclaw/workspace/docs/openclaw-en-html/install/podman.html	668962
OK	https://docs.openclaw.ai/install/exe-dev	/Users/henry/.openclaw/workspace/docs/openclaw-en-html/install/exe-dev.html	659545
OK	https://docs.openclaw.ai/install/railway	/Users/henry/.openclaw/workspace/docs/openclaw-en-html/install/railway.html	607374
OK	https://docs.openclaw.ai/install/node	/Users/henry/.openclaw/workspace/docs/openclaw-en-html/install/node.html	681963
OK	https://docs.openclaw.ai/install/render	/Users/henry/.openclaw/workspace/docs/openclaw-en-html/install/render.html	678418
OK	https://docs.openclaw.ai/install/updating	/Users/henry/.openclaw/workspace/docs/openclaw-en-html/install/updating.html	782385
OK	https://docs.openclaw.ai	/Users/henry/.openclaw/workspace/docs/openclaw-en-html/https:/docs.openclaw.ai.html	659113
OK	https://docs.openclaw.ai/install/northflank	/Users/henry/.openclaw/workspace/docs/openclaw-en-html/install/northflank.html	588343
OK	https://docs.openclaw.ai/help/testing	/Users/henry/.openclaw/workspace/docs/openclaw-en-html/help/testing.html	792192
OK	https://docs.openclaw.ai/install/nix	/Users/henry/.openclaw/workspace/docs/openclaw-en-html/install/nix.html	621074
OK	https://docs.openclaw.ai/ja-JP	/Users/henry/.openclaw/workspace/docs/openclaw-en-html/ja-JP.html	688021
OK	https://docs.openclaw.ai/ja-JP/start/getting-started	/Users/henry/.openclaw/workspace/docs/openclaw-en-html/ja-JP/start/getting-started.html	651233
OK	https://docs.openclaw.ai/nodes/camera	/Users/henry/.openclaw/workspace/docs/openclaw-en-html/nodes/camera.html	750723
OK	https://docs.openclaw.ai/help/troubleshooting	/Users/henry/.openclaw/workspace/docs/openclaw-en-html/help/troubleshooting.html	771254
OK	https://docs.openclaw.ai/install/ansible	/Users/henry/.openclaw/workspace/docs/openclaw-en-html/install/ansible.html	732121
OK	https://docs.openclaw.ai/nodes	/Users/henry/.openclaw/workspace/docs/openclaw-en-html/nodes.html	1019363
OK	https://docs.openclaw.ai/nodes/location-command	/Users/henry/.openclaw/workspace/docs/openclaw-en-html/nodes/location-command.html	654206
OK	https://docs.openclaw.ai/ja-JP/start/wizard	/Users/henry/.openclaw/workspace/docs/openclaw-en-html/ja-JP/start/wizard.html	604700
OK	https://docs.openclaw.ai/nodes/voicewake	/Users/henry/.openclaw/workspace/docs/openclaw-en-html/nodes/voicewake.html	621882
OK	https://docs.openclaw.ai/install	/Users/henry/.openclaw/workspace/docs/openclaw-en-html/install.html	761445
OK	https://docs.openclaw.ai/nodes/audio	/Users/henry/.openclaw/workspace/docs/openclaw-en-html/nodes/audio.html	789742
OK	https://docs.openclaw.ai/nodes/talk	/Users/henry/.openclaw/workspace/docs/openclaw-en-html/nodes/talk.html	643239
OK	https://docs.openclaw.ai/pi	/Users/henry/.openclaw/workspace/docs/openclaw-en-html/pi.html	1215090
OK	https://docs.openclaw.ai/perplexity	/Users/henry/.openclaw/workspace/docs/openclaw-en-html/perplexity.html	652517
OK	https://docs.openclaw.ai/install/uninstall	/Users/henry/.openclaw/workspace/docs/openclaw-en-html/install/uninstall.html	682963
OK	https://docs.openclaw.ai/pi-dev	/Users/henry/.openclaw/workspace/docs/openclaw-en-html/pi-dev.html	609793
OK	https://docs.openclaw.ai/platforms/android	/Users/henry/.openclaw/workspace/docs/openclaw-en-html/platforms/android.html	681213
OK	https://docs.openclaw.ai/nodes/images	/Users/henry/.openclaw/workspace/docs/openclaw-en-html/nodes/images.html	620396
OK	https://docs.openclaw.ai/install/migrating	/Users/henry/.openclaw/workspace/docs/openclaw-en-html/install/migrating.html	672774
OK	https://docs.openclaw.ai/platforms	/Users/henry/.openclaw/workspace/docs/openclaw-en-html/platforms.html	587135
OK	https://docs.openclaw.ai/platforms/digitalocean	/Users/henry/.openclaw/workspace/docs/openclaw-en-html/platforms/digitalocean.html	799781
OK	https://docs.openclaw.ai/platforms/ios	/Users/henry/.openclaw/workspace/docs/openclaw-en-html/platforms/ios.html	658921
OK	https://docs.openclaw.ai/platforms/mac/bundled-gateway	/Users/henry/.openclaw/workspace/docs/openclaw-en-html/platforms/mac/bundled-gateway.html	612897
OK	https://docs.openclaw.ai/platforms/mac/dev-setup	/Users/henry/.openclaw/workspace/docs/openclaw-en-html/platforms/mac/dev-setup.html	640805
OK	https://docs.openclaw.ai/platforms/mac/child-process	/Users/henry/.openclaw/workspace/docs/openclaw-en-html/platforms/mac/child-process.html	603375
OK	https://docs.openclaw.ai/platforms/mac/health	/Users/henry/.openclaw/workspace/docs/openclaw-en-html/platforms/mac/health.html	582483
OK	https://docs.openclaw.ai/platforms/linux	/Users/henry/.openclaw/workspace/docs/openclaw-en-html/platforms/linux.html	620128
OK	https://docs.openclaw.ai/platforms/mac/permissions	/Users/henry/.openclaw/workspace/docs/openclaw-en-html/platforms/mac/permissions.html	594144
OK	https://docs.openclaw.ai/platforms/mac/logging	/Users/henry/.openclaw/workspace/docs/openclaw-en-html/platforms/mac/logging.html	607658
OK	https://docs.openclaw.ai/platforms/mac/peekaboo	/Users/henry/.openclaw/workspace/docs/openclaw-en-html/platforms/mac/peekaboo.html	595969
OK	https://docs.openclaw.ai/platforms/mac/menu-bar	/Users/henry/.openclaw/workspace/docs/openclaw-en-html/platforms/mac/menu-bar.html	608618
OK	https://docs.openclaw.ai/platforms/mac/icon	/Users/henry/.openclaw/workspace/docs/openclaw-en-html/platforms/mac/icon.html	578087
OK	https://docs.openclaw.ai/platforms/mac/signing	/Users/henry/.openclaw/workspace/docs/openclaw-en-html/platforms/mac/signing.html	607688
OK	https://docs.openclaw.ai/platforms/mac/canvas	/Users/henry/.openclaw/workspace/docs/openclaw-en-html/platforms/mac/canvas.html	662702
OK	https://docs.openclaw.ai/platforms/mac/skills	/Users/henry/.openclaw/workspace/docs/openclaw-en-html/platforms/mac/skills.html	580684
OK	https://docs.openclaw.ai/platforms/mac/release	/Users/henry/.openclaw/workspace/docs/openclaw-en-html/platforms/mac/release.html	640607
OK	https://docs.openclaw.ai/platforms/mac/voice-overlay	/Users/henry/.openclaw/workspace/docs/openclaw-en-html/platforms/mac/voice-overlay.html	611154
OK	https://docs.openclaw.ai/platforms/mac/xpc	/Users/henry/.openclaw/workspace/docs/openclaw-en-html/platforms/mac/xpc.html	601221
OK	https://docs.openclaw.ai/platforms/mac/webchat	/Users/henry/.openclaw/workspace/docs/openclaw-en-html/platforms/mac/webchat.html	589229
OK	https://docs.openclaw.ai/nodes/media-understanding	/Users/henry/.openclaw/workspace/docs/openclaw-en-html/nodes/media-understanding.html	1028304
OK	https://docs.openclaw.ai/platforms/macos	/Users/henry/.openclaw/workspace/docs/openclaw-en-html/platforms/macos.html	716746
OK	https://docs.openclaw.ai/platforms/mac/remote	/Users/henry/.openclaw/workspace/docs/openclaw-en-html/platforms/mac/remote.html	626386
OK	https://docs.openclaw.ai/platforms/mac/voicewake	/Users/henry/.openclaw/workspace/docs/openclaw-en-html/platforms/mac/voicewake.html	604375
OK	https://docs.openclaw.ai/platforms/raspberry-pi	/Users/henry/.openclaw/workspace/docs/openclaw-en-html/platforms/raspberry-pi.html	938475
OK	https://docs.openclaw.ai/platforms/oracle	/Users/henry/.openclaw/workspace/docs/openclaw-en-html/platforms/oracle.html	822292
OK	https://docs.openclaw.ai/platforms/windows	/Users/henry/.openclaw/workspace/docs/openclaw-en-html/platforms/windows.html	768974
OK	https://docs.openclaw.ai/plugins/agent-tools	/Users/henry/.openclaw/workspace/docs/openclaw-en-html/plugins/agent-tools.html	697739
OK	https://docs.openclaw.ai/nodes/troubleshooting	/Users/henry/.openclaw/workspace/docs/openclaw-en-html/nodes/troubleshooting.html	689912
OK	https://docs.openclaw.ai/plugins/voice-call	/Users/henry/.openclaw/workspace/docs/openclaw-en-html/plugins/voice-call.html	935678
OK	https://docs.openclaw.ai/plugins/manifest	/Users/henry/.openclaw/workspace/docs/openclaw-en-html/plugins/manifest.html	623324
OK	https://docs.openclaw.ai/providers/anthropic	/Users/henry/.openclaw/workspace/docs/openclaw-en-html/providers/anthropic.html	786527
OK	https://docs.openclaw.ai/providers/bedrock	/Users/henry/.openclaw/workspace/docs/openclaw-en-html/providers/bedrock.html	762777
OK	https://docs.openclaw.ai/providers/cloudflare-ai-gateway	/Users/henry/.openclaw/workspace/docs/openclaw-en-html/providers/cloudflare-ai-gateway.html	639978
OK	https://docs.openclaw.ai/prose	/Users/henry/.openclaw/workspace/docs/openclaw-en-html/prose.html	658415
OK	https://docs.openclaw.ai/plugins/zalouser	/Users/henry/.openclaw/workspace/docs/openclaw-en-html/plugins/zalouser.html	658518
OK	https://docs.openclaw.ai/providers/github-copilot	/Users/henry/.openclaw/workspace/docs/openclaw-en-html/providers/github-copilot.html	629895
OK	https://docs.openclaw.ai/providers/claude-max-api-proxy	/Users/henry/.openclaw/workspace/docs/openclaw-en-html/providers/claude-max-api-proxy.html	708273
OK	https://docs.openclaw.ai/providers/deepgram	/Users/henry/.openclaw/workspace/docs/openclaw-en-html/providers/deepgram.html	669852
OK	https://docs.openclaw.ai/providers	/Users/henry/.openclaw/workspace/docs/openclaw-en-html/providers.html	604847
OK	https://docs.openclaw.ai/providers/models	/Users/henry/.openclaw/workspace/docs/openclaw-en-html/providers/models.html	596263
OK	https://docs.openclaw.ai/providers/nvidia	/Users/henry/.openclaw/workspace/docs/openclaw-en-html/providers/nvidia.html	625307
OK	https://docs.openclaw.ai/providers/openai	/Users/henry/.openclaw/workspace/docs/openclaw-en-html/providers/openai.html	802882
OK	https://docs.openclaw.ai/providers/opencode	/Users/henry/.openclaw/workspace/docs/openclaw-en-html/providers/opencode.html	604142
OK	https://docs.openclaw.ai/providers/minimax	/Users/henry/.openclaw/workspace/docs/openclaw-en-html/providers/minimax.html	830170
OK	https://docs.openclaw.ai/providers/openrouter	/Users/henry/.openclaw/workspace/docs/openclaw-en-html/providers/openrouter.html	606213
OK	https://docs.openclaw.ai/providers/glm	/Users/henry/.openclaw/workspace/docs/openclaw-en-html/providers/glm.html	601573
OK	https://docs.openclaw.ai/providers/qianfan	/Users/henry/.openclaw/workspace/docs/openclaw-en-html/providers/qianfan.html	590412
OK	https://docs.openclaw.ai/providers/mistral	/Users/henry/.openclaw/workspace/docs/openclaw-en-html/providers/mistral.html	630178
OK	https://docs.openclaw.ai/providers/ollama	/Users/henry/.openclaw/workspace/docs/openclaw-en-html/providers/ollama.html	863820
OK	https://docs.openclaw.ai/providers/synthetic	/Users/henry/.openclaw/workspace/docs/openclaw-en-html/providers/synthetic.html	691284
OK	https://docs.openclaw.ai/providers/kilocode	/Users/henry/.openclaw/workspace/docs/openclaw-en-html/providers/kilocode.html	622633
OK	https://docs.openclaw.ai/providers/qwen	/Users/henry/.openclaw/workspace/docs/openclaw-en-html/providers/qwen.html	605624
OK	https://docs.openclaw.ai/providers/huggingface	/Users/henry/.openclaw/workspace/docs/openclaw-en-html/providers/huggingface.html	839841
OK	https://docs.openclaw.ai/providers/zai	/Users/henry/.openclaw/workspace/docs/openclaw-en-html/providers/zai.html	604647
OK	https://docs.openclaw.ai/providers/moonshot	/Users/henry/.openclaw/workspace/docs/openclaw-en-html/providers/moonshot.html	812488
OK	https://docs.openclaw.ai/providers/vercel-ai-gateway	/Users/henry/.openclaw/workspace/docs/openclaw-en-html/providers/vercel-ai-gateway.html	616812
OK	https://docs.openclaw.ai/providers/together	/Users/henry/.openclaw/workspace/docs/openclaw-en-html/providers/together.html	618441
OK	https://docs.openclaw.ai/reference/api-usage-costs	/Users/henry/.openclaw/workspace/docs/openclaw-en-html/reference/api-usage-costs.html	659723
OK	https://docs.openclaw.ai/plugins/community	/Users/henry/.openclaw/workspace/docs/openclaw-en-html/plugins/community.html	601154
OK	https://docs.openclaw.ai/reference/AGENTS.default	/Users/henry/.openclaw/workspace/docs/openclaw-en-html/reference/AGENTS.default.html	693482
OK	https://docs.openclaw.ai/reference/RELEASING	/Users/henry/.openclaw/workspace/docs/openclaw-en-html/reference/RELEASING.html	669062
OK	https://docs.openclaw.ai/reference/device-models	/Users/henry/.openclaw/workspace/docs/openclaw-en-html/reference/device-models.html	632181
OK	https://docs.openclaw.ai/reference/secretref-credential-surface	/Users/henry/.openclaw/workspace/docs/openclaw-en-html/reference/secretref-credential-surface.html	645934
OK	https://docs.openclaw.ai/reference/templates/AGENTS	/Users/henry/.openclaw/workspace/docs/openclaw-en-html/reference/templates/AGENTS.html	692105
OK	https://docs.openclaw.ai/providers/venice	/Users/henry/.openclaw/workspace/docs/openclaw-en-html/providers/venice.html	851546
OK	https://docs.openclaw.ai/reference/credits	/Users/henry/.openclaw/workspace/docs/openclaw-en-html/reference/credits.html	610819
OK	https://docs.openclaw.ai/reference/templates/BOOT	/Users/henry/.openclaw/workspace/docs/openclaw-en-html/reference/templates/BOOT.html	599423
OK	https://docs.openclaw.ai/reference/prompt-caching	/Users/henry/.openclaw/workspace/docs/openclaw-en-html/reference/prompt-caching.html	751130
OK	https://docs.openclaw.ai/providers/litellm	/Users/henry/.openclaw/workspace/docs/openclaw-en-html/providers/litellm.html	740958
OK	https://docs.openclaw.ai/reference/rpc	/Users/henry/.openclaw/workspace/docs/openclaw-en-html/reference/rpc.html	614159
OK	https://docs.openclaw.ai/reference/templates/BOOTSTRAP	/Users/henry/.openclaw/workspace/docs/openclaw-en-html/reference/templates/BOOTSTRAP.html	617099
OK	https://docs.openclaw.ai/reference/templates/IDENTITY	/Users/henry/.openclaw/workspace/docs/openclaw-en-html/reference/templates/IDENTITY.html	603652
OK	https://docs.openclaw.ai/reference/session-management-compaction	/Users/henry/.openclaw/workspace/docs/openclaw-en-html/reference/session-management-compaction.html	713322
OK	https://docs.openclaw.ai/reference/templates/TOOLS	/Users/henry/.openclaw/workspace/docs/openclaw-en-html/reference/templates/TOOLS.html	620338
OK	https://docs.openclaw.ai/reference/templates/USER	/Users/henry/.openclaw/workspace/docs/openclaw-en-html/reference/templates/USER.html	603556
OK	https://docs.openclaw.ai/reference/templates/HEARTBEAT	/Users/henry/.openclaw/workspace/docs/openclaw-en-html/reference/templates/HEARTBEAT.html	603712
OK	https://docs.openclaw.ai/providers/vllm	/Users/henry/.openclaw/workspace/docs/openclaw-en-html/providers/vllm.html	663674
OK	https://docs.openclaw.ai/providers/xiaomi	/Users/henry/.openclaw/workspace/docs/openclaw-en-html/providers/xiaomi.html	654215
OK	https://docs.openclaw.ai/security/formal-verification	/Users/henry/.openclaw/workspace/docs/openclaw-en-html/security/formal-verification.html	644945
OK	https://docs.openclaw.ai/reference/templates/SOUL	/Users/henry/.openclaw/workspace/docs/openclaw-en-html/reference/templates/SOUL.html	614269
OK	https://docs.openclaw.ai/reference/transcript-hygiene	/Users/henry/.openclaw/workspace/docs/openclaw-en-html/reference/transcript-hygiene.html	645993
OK	https://docs.openclaw.ai/reference/token-use	/Users/henry/.openclaw/workspace/docs/openclaw-en-html/reference/token-use.html	715037
OK	https://docs.openclaw.ai/reference/wizard	/Users/henry/.openclaw/workspace/docs/openclaw-en-html/reference/wizard.html	882180
OK	https://docs.openclaw.ai/security/CONTRIBUTING-THREAT-MODEL	/Users/henry/.openclaw/workspace/docs/openclaw-en-html/security/CONTRIBUTING-THREAT-MODEL.html	615601
OK	https://docs.openclaw.ai/start/bootstrapping	/Users/henry/.openclaw/workspace/docs/openclaw-en-html/start/bootstrapping.html	578753
OK	https://docs.openclaw.ai/start/getting-started	/Users/henry/.openclaw/workspace/docs/openclaw-en-html/start/getting-started.html	663244
OK	https://docs.openclaw.ai/start/docs-directory	/Users/henry/.openclaw/workspace/docs/openclaw-en-html/start/docs-directory.html	588720
OK	https://docs.openclaw.ai/reference/test	/Users/henry/.openclaw/workspace/docs/openclaw-en-html/reference/test.html	643870
OK	https://docs.openclaw.ai/start/onboarding	/Users/henry/.openclaw/workspace/docs/openclaw-en-html/start/onboarding.html	622299
OK	https://docs.openclaw.ai/start/hubs	/Users/henry/.openclaw/workspace/docs/openclaw-en-html/start/hubs.html	651457
OK	https://docs.openclaw.ai/start/onboarding-overview	/Users/henry/.openclaw/workspace/docs/openclaw-en-html/start/onboarding-overview.html	579946
OK	https://docs.openclaw.ai/start/openclaw	/Users/henry/.openclaw/workspace/docs/openclaw-en-html/start/openclaw.html	763654
OK	https://docs.openclaw.ai/start/wizard-cli-reference	/Users/henry/.openclaw/workspace/docs/openclaw-en-html/start/wizard-cli-reference.html	702248
OK	https://docs.openclaw.ai/start/wizard-cli-automation	/Users/henry/.openclaw/workspace/docs/openclaw-en-html/start/wizard-cli-automation.html	817899
OK	https://docs.openclaw.ai/tools/agent-send	/Users/henry/.openclaw/workspace/docs/openclaw-en-html/tools/agent-send.html	631462
OK	https://docs.openclaw.ai/tools/apply-patch	/Users/henry/.openclaw/workspace/docs/openclaw-en-html/tools/apply-patch.html	613975
OK	https://docs.openclaw.ai/tools/browser-linux-troubleshooting	/Users/henry/.openclaw/workspace/docs/openclaw-en-html/tools/browser-linux-troubleshooting.html	714080
OK	https://docs.openclaw.ai/tools/browser	/Users/henry/.openclaw/workspace/docs/openclaw-en-html/tools/browser.html	1005191
OK	https://docs.openclaw.ai/start/showcase	/Users/henry/.openclaw/workspace/docs/openclaw-en-html/start/showcase.html	824528
OK	https://docs.openclaw.ai/tools/browser-login	/Users/henry/.openclaw/workspace/docs/openclaw-en-html/tools/browser-login.html	636926
OK	https://docs.openclaw.ai/tools/acp-agents	/Users/henry/.openclaw/workspace/docs/openclaw-en-html/tools/acp-agents.html	1076904
OK	https://docs.openclaw.ai/tools/chrome-extension	/Users/henry/.openclaw/workspace/docs/openclaw-en-html/tools/chrome-extension.html	699014
OK	https://docs.openclaw.ai/tools/clawhub	/Users/henry/.openclaw/workspace/docs/openclaw-en-html/tools/clawhub.html	733507
OK	https://docs.openclaw.ai/start/wizard	/Users/henry/.openclaw/workspace/docs/openclaw-en-html/start/wizard.html	623235
OK	https://docs.openclaw.ai/tools/creating-skills	/Users/henry/.openclaw/workspace/docs/openclaw-en-html/tools/creating-skills.html	624342
OK	https://docs.openclaw.ai/tools/firecrawl	/Users/henry/.openclaw/workspace/docs/openclaw-en-html/tools/firecrawl.html	626685
OK	https://docs.openclaw.ai/tools/multi-agent-sandbox-tools	/Users/henry/.openclaw/workspace/docs/openclaw-en-html/tools/multi-agent-sandbox-tools.html	1018457
OK	https://docs.openclaw.ai/tools/pdf	/Users/henry/.openclaw/workspace/docs/openclaw-en-html/tools/pdf.html	689259
OK	https://docs.openclaw.ai/tools/reactions	/Users/henry/.openclaw/workspace/docs/openclaw-en-html/tools/reactions.html	591496
OK	https://docs.openclaw.ai/tools/elevated	/Users/henry/.openclaw/workspace/docs/openclaw-en-html/tools/elevated.html	623026
OK	https://docs.openclaw.ai/tools/diffs	/Users/henry/.openclaw/workspace/docs/openclaw-en-html/tools/diffs.html	840349
OK	https://docs.openclaw.ai/tools/plugin	/Users/henry/.openclaw/workspace/docs/openclaw-en-html/tools/plugin.html	1502983
OK	https://docs.openclaw.ai/start/lore	/Users/henry/.openclaw/workspace/docs/openclaw-en-html/start/lore.html	651875
OK	https://docs.openclaw.ai/tools/skills-config	/Users/henry/.openclaw/workspace/docs/openclaw-en-html/tools/skills-config.html	662381
OK	https://docs.openclaw.ai/tools/slash-commands	/Users/henry/.openclaw/workspace/docs/openclaw-en-html/tools/slash-commands.html	746589
OK	https://docs.openclaw.ai/tools/skills	/Users/henry/.openclaw/workspace/docs/openclaw-en-html/tools/skills.html	825400
OK	https://docs.openclaw.ai/start/setup	/Users/henry/.openclaw/workspace/docs/openclaw-en-html/start/setup.html	678142
OK	https://docs.openclaw.ai/tools/lobster	/Users/henry/.openclaw/workspace/docs/openclaw-en-html/tools/lobster.html	907999
OK	https://docs.openclaw.ai/tools	/Users/henry/.openclaw/workspace/docs/openclaw-en-html/tools.html	996005
OK	https://docs.openclaw.ai/tools/exec-approvals	/Users/henry/.openclaw/workspace/docs/openclaw-en-html/tools/exec-approvals.html	765401
OK	https://docs.openclaw.ai/tools/llm-task	/Users/henry/.openclaw/workspace/docs/openclaw-en-html/tools/llm-task.html	678553
OK	https://docs.openclaw.ai/tools/loop-detection	/Users/henry/.openclaw/workspace/docs/openclaw-en-html/tools/loop-detection.html	669684
OK	https://docs.openclaw.ai/tools/subagents	/Users/henry/.openclaw/workspace/docs/openclaw-en-html/tools/subagents.html	773849
OK	https://docs.openclaw.ai/tools/thinking	/Users/henry/.openclaw/workspace/docs/openclaw-en-html/tools/thinking.html	633636
OK	https://docs.openclaw.ai/tools/exec	/Users/henry/.openclaw/workspace/docs/openclaw-en-html/tools/exec.html	784869
OK	https://docs.openclaw.ai/web/control-ui	/Users/henry/.openclaw/workspace/docs/openclaw-en-html/web/control-ui.html	754217
OK	https://docs.openclaw.ai/tts	/Users/henry/.openclaw/workspace/docs/openclaw-en-html/tts.html	934361
OK	https://docs.openclaw.ai/web/dashboard	/Users/henry/.openclaw/workspace/docs/openclaw-en-html/web/dashboard.html	587059
OK	https://docs.openclaw.ai/vps	/Users/henry/.openclaw/workspace/docs/openclaw-en-html/vps.html	628904
OK	https://docs.openclaw.ai/zh-CN	/Users/henry/.openclaw/workspace/docs/openclaw-en-html/zh-CN.html	689878
OK	https://docs.openclaw.ai/web/tui	/Users/henry/.openclaw/workspace/docs/openclaw-en-html/web/tui.html	652261
OK	https://docs.openclaw.ai/web/webchat	/Users/henry/.openclaw/workspace/docs/openclaw-en-html/web/webchat.html	591064
OK	https://docs.openclaw.ai/web	/Users/henry/.openclaw/workspace/docs/openclaw-en-html/web.html	677863
OK	https://docs.openclaw.ai/security/THREAT-MODEL-ATLAS	/Users/henry/.openclaw/workspace/docs/openclaw-en-html/security/THREAT-MODEL-ATLAS.html	1014140
OK	https://docs.openclaw.ai/tools/web	/Users/henry/.openclaw/workspace/docs/openclaw-en-html/tools/web.html	901299